Scenario,Adapter,Success,Status,Steps,Total Duration (ms),LLM Duration (ms),Tool Duration (ms),Prompt Tokens,Completion Tokens,Token Efficiency,Avg Context Size (chars),Error
Table Pagination,MCP-Playwright,true,success,3,9943,4836,4173,13039,84,0.07620208793720948,1420.4285714285713,
Wizard Form,MCP-Playwright,true,success,12,40580,35545,4481,68391,710,0.01447157059955717,460.4347826086956,
Shadow DOM,MCP-Playwright,true,success,2,6643,3223,2870,5402,63,0.18298261665141813,505.2,
Drag and Drop,MCP-Playwright,true,success,8,21265,16683,4034,34672,289,0.028603300820914734,445.8,
Self Healing,MCP-Playwright,true,success,1,3603,1311,1729,2340,23,0.4231908590774439,471.3333333333333,
Async Loading,MCP-Playwright,true,success,2,6055,3682,1818,5179,43,0.19149751053236305,439.6,
Modal Interaction,MCP-Playwright,true,success,3,10415,5366,4489,9151,74,0.10840108401084012,505.57142857142856,
Dropdown Selection,MCP-Playwright,true,success,8,24258,15240,8464,38290,244,0.025951108112316396,653.2352941176471,
